DATE_GMT,TIME_GMT,SETTLEMENT_DATE,SETTLEMENT_PERIOD,EMBEDDED_WIND_FORECAST,EMBEDDED_WIND_CAPACITY,EMBEDDED_SOLAR_FORECAST,EMBEDDED_SOLAR_CAPACITY\
2022-04-19T00:00:00,20:30,2022-04-19T00:00:00,43,609,6545,0,13080\
2022-04-19T00:00:00,21:00,2022-04-19T00:00:00,44,607,6545,0,13080\
2022-04-19T00:00:00,21:30,2022-04-19T00:00:00,45,599,6545,0,13080\
2022-04-19T00:00:00,22:00,2022-04-19T00:00:00,46,590,6545,0,13080\
2022-04-19T00:00:00,22:30,2022-04-19T00:00:00,47,585,6545,0,13080\
2022-04-19T00:00:00,23:00,2022-04-19T00:00:00,48,580,6545,0,13080\
2022-04-19T00:00:00,23:30,2022-04-20T00:00:00,1,591,6545,0,13082\
2022-04-20T00:00:00,00:00,2022-04-20T00:00:00,2,602,6545,0,13082\
2022-04-20T00:00:00,00:30,2022-04-20T00:00:00,3,601,6545,0,13082\
2022-04-20T00:00:00,01:00,2022-04-20T00:00:00,4,600,6545,0,13082\
2022-04-20T00:00:00,01:30,2022-04-20T00:00:00,5,605,6545,0,13082\
2022-04-20T00:00:00,02:00,2022-04-20T00:00:00,6,609,6545,0,13082\
2022-04-20T00:00:00,02:30,2022-04-20T00:00:00,7,617,6545,0,13082\
2022-04-20T00:00:00,03:00,2022-04-20T00:00:00,8,624,6545,0,13082\
2022-04-20T00:00:00,03:30,2022-04-20T00:00:00,9,645,6545,0,13082\
2022-04-20T00:00:00,04:00,2022-04-20T00:00:00,10,666,6545,0,13082\
2022-04-20T00:00:00,04:30,2022-04-20T00:00:00,11,688,6545,0,13082\
2022-04-20T00:00:00,05:00,2022-04-20T00:00:00,12,709,6545,0,13082\
2022-04-20T00:00:00,05:30,2022-04-20T00:00:00,13,733,6545,198,13082\
2022-04-20T00:00:00,06:00,2022-04-20T00:00:00,14,756,6545,541,13082\
2022-04-20T00:00:00,06:30,2022-04-20T00:00:00,15,750,6545,1016,13082\
2022-04-20T00:00:00,07:00,2022-04-20T00:00:00,16,744,6545,1634,13082\
2022-04-20T00:00:00,07:30,2022-04-20T00:00:00,17,749,6545,2396,13082\
2022-04-20T00:00:00,08:00,2022-04-20T00:00:00,18,754,6545,3227,13082\
2022-04-20T00:00:00,08:30,2022-04-20T00:00:00,19,784,6545,4058,13082\
2022-04-20T00:00:00,09:00,2022-04-20T00:00:00,20,813,6545,4929,13082\
2022-04-20T00:00:00,09:30,2022-04-20T00:00:00,21,882,6545,5860,13082\
2022-04-20T00:00:00,10:00,2022-04-20T00:00:00,22,951,6545,6708,13082\
2022-04-20T00:00:00,10:30,2022-04-20T00:00:00,23,1022,6545,7323,13082\
2022-04-20T00:00:00,11:00,2022-04-20T00:00:00,24,1093,6545,7700,13082\
2022-04-20T00:00:00,11:30,2022-04-20T00:00:00,25,1166,6545,7875,13082\
2022-04-20T00:00:00,12:00,2022-04-20T00:00:00,26,1239,6545,7913,13082\
2022-04-20T00:00:00,12:30,2022-04-20T00:00:00,27,1304,6545,7862,13082\
2022-04-20T00:00:00,13:00,2022-04-20T00:00:00,28,1368,6545,7665,13082\
2022-04-20T00:00:00,13:30,2022-04-20T00:00:00,29,1402,6545,7278,13082\
2022-04-20T00:00:00,14:00,2022-04-20T00:00:00,30,1436,6545,6806,13082\
2022-04-20T00:00:00,14:30,2022-04-20T00:00:00,31,1468,6545,6342,13082\
2022-04-20T00:00:00,15:00,2022-04-20T00:00:00,32,1500,6545,5778,13082\
2022-04-20T00:00:00,15:30,2022-04-20T00:00:00,33,1498,6545,5006,13082\
2022-04-20T00:00:00,16:00,2022-04-20T00:00:00,34,1495,6545,4121,13082\
2022-04-20T00:00:00,16:30,2022-04-20T00:00:00,35,1450,6545,3246,13082\
2022-04-20T00:00:00,17:00,2022-04-20T00:00:00,36,1404,6545,2420,13082\
2022-04-20T00:00:00,17:30,2022-04-20T00:00:00,37,1312,6545,1663,13082\
2022-04-20T00:00:00,18:00,2022-04-20T00:00:00,38,1220,6545,1001,13082\
2022-04-20T00:00:00,18:30,2022-04-20T00:00:00,39,1225,6545,466,13082\
2022-04-20T00:00:00,19:00,2022-04-20T00:00:00,40,1230,6545,122,13082\
2022-04-20T00:00:00,19:30,2022-04-20T00:00:00,41,1305,6545,0,13082\
2022-04-20T00:00:00,20:00,2022-04-20T00:00:00,42,1380,6545,0,13082\
2022-04-20T00:00:00,20:30,2022-04-20T00:00:00,43,1438,6545,0,13082\
2022-04-20T00:00:00,21:00,2022-04-20T00:00:00,44,1496,6545,0,13082\
2022-04-20T00:00:00,21:30,2022-04-20T00:00:00,45,1525,6545,0,13082\
2022-04-20T00:00:00,22:00,2022-04-20T00:00:00,46,1554,6545,0,13082\
2022-04-20T00:00:00,22:30,2022-04-20T00:00:00,47,1554,6545,0,13082\
2022-04-20T00:00:00,23:00,2022-04-20T00:00:00,48,1554,6545,0,13082\
2022-04-20T00:00:00,23:30,2022-04-21T00:00:00,1,1562,6545,0,13083\
2022-04-21T00:00:00,00:00,2022-04-21T00:00:00,2,1569,6545,0,13083\
2022-04-21T00:00:00,00:30,2022-04-21T00:00:00,3,1543,6545,0,13083\
2022-04-21T00:00:00,01:00,2022-04-21T00:00:00,4,1517,6545,0,13083\
2022-04-21T00:00:00,01:30,2022-04-21T00:00:00,5,1495,6545,0,13083\
2022-04-21T00:00:00,02:00,2022-04-21T00:00:00,6,1473,6545,0,13083\
2022-04-21T00:00:00,02:30,2022-04-21T00:00:00,7,1456,6545,0,13083\
2022-04-21T00:00:00,03:00,2022-04-21T00:00:00,8,1438,6545,0,13083\
2022-04-21T00:00:00,03:30,2022-04-21T00:00:00,9,1445,6545,0,13083\
2022-04-21T00:00:00,04:00,2022-04-21T00:00:00,10,1452,6545,0,13083\
2022-04-21T00:00:00,04:30,2022-04-21T00:00:00,11,1455,6545,0,13083\
2022-04-21T00:00:00,05:00,2022-04-21T00:00:00,12,1458,6545,0,13083\
2022-04-21T00:00:00,05:30,2022-04-21T00:00:00,13,1471,6545,199,13083\
2022-04-21T00:00:00,06:00,2022-04-21T00:00:00,14,1483,6545,560,13083\
2022-04-21T00:00:00,06:30,2022-04-21T00:00:00,15,1503,6545,1071,13083\
2022-04-21T00:00:00,07:00,2022-04-21T00:00:00,16,1523,6545,1729,13083\
2022-04-21T00:00:00,07:30,2022-04-21T00:00:00,17,1582,6545,2522,13083\
2022-04-21T00:00:00,08:00,2022-04-21T00:00:00,18,1641,6545,3372,13083\
2022-04-21T00:00:00,08:30,2022-04-21T00:00:00,19,1741,6545,4198,13083\
2022-04-21T00:00:00,09:00,2022-04-21T00:00:00,20,1840,6545,4958,13083\
2022-04-21T00:00:00,09:30,2022-04-21T00:00:00,21,1944,6545,5621,13083\
2022-04-21T00:00:00,10:00,2022-04-21T00:00:00,22,2047,6545,6169,13083\
2022-04-21T00:00:00,10:30,2022-04-21T00:00:00,23,2151,6545,6593,13083\
2022-04-21T00:00:00,11:00,2022-04-21T00:00:00,24,2254,6545,6894,13083\
2022-04-21T00:00:00,11:30,2022-04-21T00:00:00,25,2369,6545,7077,13083\
2022-04-21T00:00:00,12:00,2022-04-21T00:00:00,26,2484,6545,7136,13083\
2022-04-21T00:00:00,12:30,2022-04-21T00:00:00,27,2514,6545,7062,13083\
2022-04-21T00:00:00,13:00,2022-04-21T00:00:00,28,2543,6545,6822,13083\
2022-04-21T00:00:00,13:30,2022-04-21T00:00:00,29,2572,6545,6412,13083\
2022-04-21T00:00:00,14:00,2022-04-21T00:00:00,30,2601,6545,5945,13083\
2022-04-21T00:00:00,14:30,2022-04-21T00:00:00,31,2629,6545,5522,13083\
2022-04-21T00:00:00,15:00,2022-04-21T00:00:00,32,2657,6545,5054,13083\
2022-04-21T00:00:00,15:30,2022-04-21T00:00:00,33,2604,6545,4443,13083\
2022-04-21T00:00:00,16:00,2022-04-21T00:00:00,34,2551,6545,3736,13083\
2022-04-21T00:00:00,16:30,2022-04-21T00:00:00,35,2500,6545,3008,13083\
2022-04-21T00:00:00,17:00,2022-04-21T00:00:00,36,2448,6545,2303,13083\
2022-04-21T00:00:00,17:30,2022-04-21T00:00:00,37,2398,6545,1652,13083\
2022-04-21T00:00:00,18:00,2022-04-21T00:00:00,38,2348,6545,1059,13083\
2022-04-21T00:00:00,18:30,2022-04-21T00:00:00,39,2299,6545,538,13083\
2022-04-21T00:00:00,19:00,2022-04-21T00:00:00,40,2249,6545,172,13083\
2022-04-21T00:00:00,19:30,2022-04-21T00:00:00,41,2205,6545,24,13083\
2022-04-21T00:00:00,20:00,2022-04-21T00:00:00,42,2160,6545,0,13083\
2022-04-21T00:00:00,20:30,2022-04-21T00:00:00,43,2121,6545,0,13083\
2022-04-21T00:00:00,21:00,2022-04-21T00:00:00,44,2082,6545,0,13083\
2022-04-21T00:00:00,21:30,2022-04-21T00:00:00,45,2100,6545,0,13083\
2022-04-21T00:00:00,22:00,2022-04-21T00:00:00,46,2118,6545,0,13083\
2022-04-21T00:00:00,22:30,2022-04-21T00:00:00,47,2136,6545,0,13083\
2022-04-21T00:00:00,23:00,2022-04-21T00:00:00,48,2154,6545,0,13083\
2022-04-21T00:00:00,23:30,2022-04-22T00:00:00,1,2174,6545,0,13085\
2022-04-22T00:00:00,00:00,2022-04-22T00:00:00,2,2193,6545,0,13085\
2022-04-22T00:00:00,00:30,2022-04-22T00:00:00,3,2197,6545,0,13085\
2022-04-22T00:00:00,01:00,2022-04-22T00:00:00,4,2201,6545,0,13085\
2022-04-22T00:00:00,01:30,2022-04-22T00:00:00,5,2206,6545,0,13085\
2022-04-22T00:00:00,02:00,2022-04-22T00:00:00,6,2211,6545,0,13085\
2022-04-22T00:00:00,02:30,2022-04-22T00:00:00,7,2217,6545,0,13085\
2022-04-22T00:00:00,03:00,2022-04-22T00:00:00,8,2222,6545,0,13085\
2022-04-22T00:00:00,03:30,2022-04-22T00:00:00,9,2247,6545,0,13085\
2022-04-22T00:00:00,04:00,2022-04-22T00:00:00,10,2271,6545,0,13085\
2022-04-22T00:00:00,04:30,2022-04-22T00:00:00,11,2296,6545,0,13085\
2022-04-22T00:00:00,05:00,2022-04-22T00:00:00,12,2321,6545,0,13085\
2022-04-22T00:00:00,05:30,2022-04-22T00:00:00,13,2347,6545,109,13085\
2022-04-22T00:00:00,06:00,2022-04-22T00:00:00,14,2372,6545,337,13085\
2022-04-22T00:00:00,06:30,2022-04-22T00:00:00,15,2463,6545,706,13085\
2022-04-22T00:00:00,07:00,2022-04-22T00:00:00,16,2553,6545,1162,13085\
2022-04-22T00:00:00,07:30,2022-04-22T00:00:00,17,2656,6545,1651,13085\
2022-04-22T00:00:00,08:00,2022-04-22T00:00:00,18,2759,6545,2198,13085\
2022-04-22T00:00:00,08:30,2022-04-22T00:00:00,19,2871,6545,2817,13085\
2022-04-22T00:00:00,09:00,2022-04-22T00:00:00,20,2982,6545,3419,13085\
2022-04-22T00:00:00,09:30,2022-04-22T00:00:00,21,3076,6545,3917,13085\
2022-04-22T00:00:00,10:00,2022-04-22T00:00:00,22,3169,6545,4350,13085\
2022-04-22T00:00:00,10:30,2022-04-22T00:00:00,23,3263,6545,4762,13085\
2022-04-22T00:00:00,11:00,2022-04-22T00:00:00,24,3356,6545,5093,13085\
2022-04-22T00:00:00,11:30,2022-04-22T00:00:00,25,3448,6545,5283,13085\
2022-04-22T00:00:00,12:00,2022-04-22T00:00:00,26,3540,6545,5364,13085\
2022-04-22T00:00:00,12:30,2022-04-22T00:00:00,27,3559,6545,5372,13085\
2022-04-22T00:00:00,13:00,2022-04-22T00:00:00,28,3578,6545,5274,13085\
2022-04-22T00:00:00,13:30,2022-04-22T00:00:00,29,3597,6545,5040,13085\
2022-04-22T00:00:00,14:00,2022-04-22T00:00:00,30,3615,6545,4747,13085\
2022-04-22T00:00:00,14:30,2022-04-22T00:00:00,31,3633,6545,4460,13085\
2022-04-22T00:00:00,15:00,2022-04-22T00:00:00,32,3650,6545,4104,13085\
2022-04-22T00:00:00,15:30,2022-04-22T00:00:00,33,3558,6545,3604,13085\
2022-04-22T00:00:00,16:00,2022-04-22T00:00:00,34,3465,6545,3016,13085\
2022-04-22T00:00:00,16:30,2022-04-22T00:00:00,35,3371,6545,2416,13085\
2022-04-22T00:00:00,17:00,2022-04-22T00:00:00,36,3277,6545,1833,13085\
2022-04-22T00:00:00,17:30,2022-04-22T00:00:00,37,3184,6545,1285,13085\
2022-04-22T00:00:00,18:00,2022-04-22T00:00:00,38,3091,6545,796,13085\
2022-04-22T00:00:00,18:30,2022-04-22T00:00:00,39,3001,6545,392,13085\
2022-04-22T00:00:00,19:00,2022-04-22T00:00:00,40,2911,6545,121,13085\
2022-04-22T00:00:00,19:30,2022-04-22T00:00:00,41,2825,6545,15,13085\
2022-04-22T00:00:00,20:00,2022-04-22T00:00:00,42,2739,6545,0,13085\
2022-04-22T00:00:00,20:30,2022-04-22T00:00:00,43,2660,6545,0,13085\
2022-04-22T00:00:00,21:00,2022-04-22T00:00:00,44,2581,6545,0,13085\
2022-04-22T00:00:00,21:30,2022-04-22T00:00:00,45,2569,6545,0,13085\
2022-04-22T00:00:00,22:00,2022-04-22T00:00:00,46,2557,6545,0,13085\
2022-04-22T00:00:00,22:30,2022-04-22T00:00:00,47,2546,6545,0,13085\
2022-04-22T00:00:00,23:00,2022-04-22T00:00:00,48,2534,6545,0,13085\
2022-04-22T00:00:00,23:30,2022-04-23T00:00:00,1,2523,6545,0,13087\
2022-04-23T00:00:00,00:00,2022-04-23T00:00:00,2,2511,6545,0,13087\
2022-04-23T00:00:00,00:30,2022-04-23T00:00:00,3,2493,6545,0,13087\
2022-04-23T00:00:00,01:00,2022-04-23T00:00:00,4,2474,6545,0,13087\
2022-04-23T00:00:00,01:30,2022-04-23T00:00:00,5,2456,6545,0,13087\
2022-04-23T00:00:00,02:00,2022-04-23T00:00:00,6,2437,6545,0,13087\
2022-04-23T00:00:00,02:30,2022-04-23T00:00:00,7,2419,6545,0,13087\
2022-04-23T00:00:00,03:00,2022-04-23T00:00:00,8,2401,6545,0,13087\
2022-04-23T00:00:00,03:30,2022-04-23T00:00:00,9,2414,6545,0,13087\
2022-04-23T00:00:00,04:00,2022-04-23T00:00:00,10,2427,6545,0,13087\
2022-04-23T00:00:00,04:30,2022-04-23T00:00:00,11,2441,6545,0,13087\
2022-04-23T00:00:00,05:00,2022-04-23T00:00:00,12,2454,6545,0,13087\
2022-04-23T00:00:00,05:30,2022-04-23T00:00:00,13,2468,6545,92,13087\
2022-04-23T00:00:00,06:00,2022-04-23T00:00:00,14,2482,6545,302,13087\
2022-04-23T00:00:00,06:30,2022-04-23T00:00:00,15,2578,6545,663,13087\
2022-04-23T00:00:00,07:00,2022-04-23T00:00:00,16,2674,6545,1125,13087\
2022-04-23T00:00:00,07:30,2022-04-23T00:00:00,17,2780,6545,1636,13087\
2022-04-23T00:00:00,08:00,2022-04-23T00:00:00,18,2885,6545,2204,13087\
2022-04-23T00:00:00,08:30,2022-04-23T00:00:00,19,2996,6545,2836,13087\
2022-04-23T00:00:00,09:00,2022-04-23T00:00:00,20,3107,6545,3497,13087\
2022-04-23T00:00:00,09:30,2022-04-23T00:00:00,21,3177,6545,4142,13087\
2022-04-23T00:00:00,10:00,2022-04-23T00:00:00,22,3246,6545,4729,13087\
2022-04-23T00:00:00,10:30,2022-04-23T00:00:00,23,3315,6545,5224,13087\
2022-04-23T00:00:00,11:00,2022-04-23T00:00:00,24,3384,6545,5636,13087\
2022-04-23T00:00:00,11:30,2022-04-23T00:00:00,25,3452,6545,5965,13087\
2022-04-23T00:00:00,12:00,2022-04-23T00:00:00,26,3519,6545,6164,13087\
2022-04-23T00:00:00,12:30,2022-04-23T00:00:00,27,3505,6545,6184,13087\
2022-04-23T00:00:00,13:00,2022-04-23T00:00:00,28,3491,6545,6046,13087\
2022-04-23T00:00:00,13:30,2022-04-23T00:00:00,29,3476,6545,5788,13087\
2022-04-23T00:00:00,14:00,2022-04-23T00:00:00,30,3460,6545,5457,13087\
2022-04-23T00:00:00,14:30,2022-04-23T00:00:00,31,3444,6545,5086,13087\
2022-04-23T00:00:00,15:00,2022-04-23T00:00:00,32,3427,6545,4647,13087\
2022-04-23T00:00:00,15:30,2022-04-23T00:00:00,33,3316,6545,4106,13087\
2022-04-23T00:00:00,16:00,2022-04-23T00:00:00,34,3205,6545,3467,13087\
2022-04-23T00:00:00,16:30,2022-04-23T00:00:00,35,3093,6545,2761,13087\
2022-04-23T00:00:00,17:00,2022-04-23T00:00:00,36,2981,6545,2068,13087\
2022-04-23T00:00:00,17:30,2022-04-23T00:00:00,37,2872,6545,1464,13087\
2022-04-23T00:00:00,18:00,2022-04-23T00:00:00,38,2762,6545,939,13087\
2022-04-23T00:00:00,18:30,2022-04-23T00:00:00,39,2668,6545,482,13087\
2022-04-23T00:00:00,19:00,2022-04-23T00:00:00,40,2573,6545,160,13087\
2022-04-23T00:00:00,19:30,2022-04-23T00:00:00,41,2485,6545,26,13087\
2022-04-23T00:00:00,20:00,2022-04-23T00:00:00,42,2397,6545,0,13087\
2022-04-23T00:00:00,20:30,2022-04-23T00:00:00,43,2317,6545,0,13087\
2022-04-23T00:00:00,21:00,2022-04-23T00:00:00,44,2236,6545,0,13087\
2022-04-23T00:00:00,21:30,2022-04-23T00:00:00,45,2204,6545,0,13087\
2022-04-23T00:00:00,22:00,2022-04-23T00:00:00,46,2172,6545,0,13087\
2022-04-23T00:00:00,22:30,2022-04-23T00:00:00,47,2140,6545,0,13087\
2022-04-23T00:00:00,23:00,2022-04-23T00:00:00,48,2108,6545,0,13087\
2022-04-23T00:00:00,23:30,2022-04-24T00:00:00,1,2076,6545,0,13088\
2022-04-24T00:00:00,00:00,2022-04-24T00:00:00,2,2044,6545,0,13088\
2022-04-24T00:00:00,00:30,2022-04-24T00:00:00,3,2018,6545,0,13088\
2022-04-24T00:00:00,01:00,2022-04-24T00:00:00,4,1991,6545,0,13088\
2022-04-24T00:00:00,01:30,2022-04-24T00:00:00,5,1965,6545,0,13088\
2022-04-24T00:00:00,02:00,2022-04-24T00:00:00,6,1938,6545,0,13088\
2022-04-24T00:00:00,02:30,2022-04-24T00:00:00,7,1913,6545,0,13088\
2022-04-24T00:00:00,03:00,2022-04-24T00:00:00,8,1887,6545,0,13088\
2022-04-24T00:00:00,03:30,2022-04-24T00:00:00,9,1874,6545,0,13088\
2022-04-24T00:00:00,04:00,2022-04-24T00:00:00,10,1861,6545,0,13088\
2022-04-24T00:00:00,04:30,2022-04-24T00:00:00,11,1850,6545,0,13088\
2022-04-24T00:00:00,05:00,2022-04-24T00:00:00,12,1838,6545,0,13088\
2022-04-24T00:00:00,05:30,2022-04-24T00:00:00,13,1828,6545,188,13088\
2022-04-24T00:00:00,06:00,2022-04-24T00:00:00,14,1817,6545,511,13088\
2022-04-24T00:00:00,06:30,2022-04-24T00:00:00,15,1844,6545,953,13088\
2022-04-24T00:00:00,07:00,2022-04-24T00:00:00,16,1870,6545,1495,13088\
2022-04-24T00:00:00,07:30,2022-04-24T00:00:00,17,1902,6545,2124,13088\
2022-04-24T00:00:00,08:00,2022-04-24T00:00:00,18,1934,6545,2835,13088\
2022-04-24T00:00:00,08:30,2022-04-24T00:00:00,19,1976,6545,3609,13088\
2022-04-24T00:00:00,09:00,2022-04-24T00:00:00,20,2017,6545,4364,13088\
2022-04-24T00:00:00,09:30,2022-04-24T00:00:00,21,2058,6545,5023,13088\
2022-04-24T00:00:00,10:00,2022-04-24T00:00:00,22,2099,6545,5597,13088\
2022-04-24T00:00:00,10:30,2022-04-24T00:00:00,23,2151,6545,6109,13088\
2022-04-24T00:00:00,11:00,2022-04-24T00:00:00,24,2202,6545,6557,13088\
2022-04-24T00:00:00,11:30,2022-04-24T00:00:00,25,2261,6545,6908,13088\
2022-04-24T00:00:00,12:00,2022-04-24T00:00:00,26,2320,6545,7037,13088\
2022-04-24T00:00:00,12:30,2022-04-24T00:00:00,27,2266,6545,6856,13088\
2022-04-24T00:00:00,13:00,2022-04-24T00:00:00,28,2212,6545,6537,13088\
2022-04-24T00:00:00,13:30,2022-04-24T00:00:00,29,2164,6545,6247,13088\
2022-04-24T00:00:00,14:00,2022-04-24T00:00:00,30,2116,6545,5890,13088\
2022-04-24T00:00:00,14:30,2022-04-24T00:00:00,31,2069,6545,5351,13088\
2022-04-24T00:00:00,15:00,2022-04-24T00:00:00,32,2022,6545,4715,13088\
2022-04-24T00:00:00,15:30,2022-04-24T00:00:00,33,1978,6545,4086,13088\
2022-04-24T00:00:00,16:00,2022-04-24T00:00:00,34,1934,6545,3457,13088\
2022-04-24T00:00:00,16:30,2022-04-24T00:00:00,35,1893,6545,2808,13088\
2022-04-24T00:00:00,17:00,2022-04-24T00:00:00,36,1851,6545,2168,13088\
2022-04-24T00:00:00,17:30,2022-04-24T00:00:00,37,1810,6545,1571,13088\
2022-04-24T00:00:00,18:00,2022-04-24T00:00:00,38,1768,6545,1021,13088\
2022-04-24T00:00:00,18:30,2022-04-24T00:00:00,39,1721,6545,534,13088\
2022-04-24T00:00:00,19:00,2022-04-24T00:00:00,40,1673,6545,188,13088\
2022-04-24T00:00:00,19:30,2022-04-24T00:00:00,41,1627,6545,37,13088\
2022-04-24T00:00:00,20:00,2022-04-24T00:00:00,42,1581,6545,0,13088\
2022-04-24T00:00:00,20:30,2022-04-24T00:00:00,43,1539,6545,0,13088\
2022-04-24T00:00:00,21:00,2022-04-24T00:00:00,44,1496,6545,0,13088\
2022-04-24T00:00:00,21:30,2022-04-24T00:00:00,45,1451,6545,0,13088\
2022-04-24T00:00:00,22:00,2022-04-24T00:00:00,46,1405,6545,0,13088\
2022-04-24T00:00:00,22:30,2022-04-24T00:00:00,47,1362,6545,0,13088\
2022-04-24T00:00:00,23:00,2022-04-24T00:00:00,48,1319,6545,0,13088\
2022-04-24T00:00:00,23:30,2022-04-25T00:00:00,1,1277,6545,0,13090\
2022-04-25T00:00:00,00:00,2022-04-25T00:00:00,2,1235,6545,0,13090\
2022-04-25T00:00:00,00:30,2022-04-25T00:00:00,3,1223,6545,0,13090\
2022-04-25T00:00:00,01:00,2022-04-25T00:00:00,4,1211,6545,0,13090\
2022-04-25T00:00:00,01:30,2022-04-25T00:00:00,5,1198,6545,0,13090\
2022-04-25T00:00:00,02:00,2022-04-25T00:00:00,6,1184,6545,0,13090\
2022-04-25T00:00:00,02:30,2022-04-25T00:00:00,7,1171,6545,0,13090\
2022-04-25T00:00:00,03:00,2022-04-25T00:00:00,8,1157,6545,0,13090\
2022-04-25T00:00:00,03:30,2022-04-25T00:00:00,9,1153,6545,0,13090\
2022-04-25T00:00:00,04:00,2022-04-25T00:00:00,10,1149,6545,0,13090\
2022-04-25T00:00:00,04:30,2022-04-25T00:00:00,11,1146,6545,0,13090\
2022-04-25T00:00:00,05:00,2022-04-25T00:00:00,12,1143,6545,0,13090\
2022-04-25T00:00:00,05:30,2022-04-25T00:00:00,13,1137,6545,141,13090\
2022-04-25T00:00:00,06:00,2022-04-25T00:00:00,14,1131,6545,418,13090\
2022-04-25T00:00:00,06:30,2022-04-25T00:00:00,15,1142,6545,842,13090\
2022-04-25T00:00:00,07:00,2022-04-25T00:00:00,16,1153,6545,1371,13090\
2022-04-25T00:00:00,07:30,2022-04-25T00:00:00,17,1163,6545,1953,13090\
2022-04-25T00:00:00,08:00,2022-04-25T00:00:00,18,1173,6545,2577,13090\
2022-04-25T00:00:00,08:30,2022-04-25T00:00:00,19,1186,6545,3225,13090\
2022-04-25T00:00:00,09:00,2022-04-25T00:00:00,20,1198,6545,3839,13090\
2022-04-25T00:00:00,09:30,2022-04-25T00:00:00,21,1226,6545,4363,13090\
2022-04-25T00:00:00,10:00,2022-04-25T00:00:00,22,1253,6545,4802,13090\
2022-04-25T00:00:00,10:30,2022-04-25T00:00:00,23,1285,6545,5171,13090\
2022-04-25T00:00:00,11:00,2022-04-25T00:00:00,24,1317,6545,5444,13090\
2022-04-25T00:00:00,11:30,2022-04-25T00:00:00,25,1347,6545,5597,13090\
2022-04-25T00:00:00,12:00,2022-04-25T00:00:00,26,1376,6545,5638,13090\
2022-04-25T00:00:00,12:30,2022-04-25T00:00:00,27,1360,6545,5575,13090\
2022-04-25T00:00:00,13:00,2022-04-25T00:00:00,28,1343,6545,5379,13090\
2022-04-25T00:00:00,13:30,2022-04-25T00:00:00,29,1320,6545,5039,13090\
2022-04-25T00:00:00,14:00,2022-04-25T00:00:00,30,1296,6545,4666,13090\
2022-04-25T00:00:00,14:30,2022-04-25T00:00:00,31,1273,6545,4353,13090\
2022-04-25T00:00:00,15:00,2022-04-25T00:00:00,32,1250,6545,4016,13090\
2022-04-25T00:00:00,15:30,2022-04-25T00:00:00,33,1230,6545,3567,13090\
2022-04-25T00:00:00,16:00,2022-04-25T00:00:00,34,1209,6545,3026,13090\
2022-04-25T00:00:00,16:30,2022-04-25T00:00:00,35,1189,6545,2441,13090\
2022-04-25T00:00:00,17:00,2022-04-25T00:00:00,36,1168,6545,1872,13090\
2022-04-25T00:00:00,17:30,2022-04-25T00:00:00,37,1137,6545,1365,13090\
2022-04-25T00:00:00,18:00,2022-04-25T00:00:00,38,1105,6545,900,13090\
2022-04-25T00:00:00,18:30,2022-04-25T00:00:00,39,1092,6545,472,13090\
2022-04-25T00:00:00,19:00,2022-04-25T00:00:00,40,1079,6545,161,13090\
2022-04-25T00:00:00,19:30,2022-04-25T00:00:00,41,1058,6545,28,13090\
2022-04-25T00:00:00,20:00,2022-04-25T00:00:00,42,1036,6545,0,13090\
2022-04-25T00:00:00,20:30,2022-04-25T00:00:00,43,1018,6545,0,13090\
2022-04-25T00:00:00,21:00,2022-04-25T00:00:00,44,999,6545,0,13090\
2022-04-25T00:00:00,21:30,2022-04-25T00:00:00,45,971,6545,0,13090\
2022-04-25T00:00:00,22:00,2022-04-25T00:00:00,46,942,6545,0,13090\
2022-04-25T00:00:00,22:30,2022-04-25T00:00:00,47,915,6545,0,13090\
2022-04-25T00:00:00,23:00,2022-04-25T00:00:00,48,888,6545,0,13090\
2022-04-25T00:00:00,23:30,2022-04-26T00:00:00,1,853,6545,0,13092\
2022-04-26T00:00:00,00:00,2022-04-26T00:00:00,2,818,6545,0,13092\
2022-04-26T00:00:00,00:30,2022-04-26T00:00:00,3,798,6545,0,13092\
2022-04-26T00:00:00,01:00,2022-04-26T00:00:00,4,778,6545,0,13092\
2022-04-26T00:00:00,01:30,2022-04-26T00:00:00,5,771,6545,0,13092\
2022-04-26T00:00:00,02:00,2022-04-26T00:00:00,6,763,6545,0,13092\
2022-04-26T00:00:00,02:30,2022-04-26T00:00:00,7,772,6545,0,13092\
2022-04-26T00:00:00,03:00,2022-04-26T00:00:00,8,781,6545,0,13092\
2022-04-26T00:00:00,03:30,2022-04-26T00:00:00,9,766,6545,0,13092\
2022-04-26T00:00:00,04:00,2022-04-26T00:00:00,10,750,6545,0,13092\
2022-04-26T00:00:00,04:30,2022-04-26T00:00:00,11,751,6545,0,13092\
2022-04-26T00:00:00,05:00,2022-04-26T00:00:00,12,752,6545,0,13092\
2022-04-26T00:00:00,05:30,2022-04-26T00:00:00,13,759,6545,176,13092\
2022-04-26T00:00:00,06:00,2022-04-26T00:00:00,14,765,6545,482,13092\
2022-04-26T00:00:00,06:30,2022-04-26T00:00:00,15,773,6545,918,13092\
2022-04-26T00:00:00,07:00,2022-04-26T00:00:00,16,780,6545,1439,13092\
2022-04-26T00:00:00,07:30,2022-04-26T00:00:00,17,791,6545,2008,13092\
2022-04-26T00:00:00,08:00,2022-04-26T00:00:00,18,801,6545,2648,13092\
2022-04-26T00:00:00,08:30,2022-04-26T00:00:00,19,815,6545,3370,13092\
2022-04-26T00:00:00,09:00,2022-04-26T00:00:00,20,829,6545,4080,13092\
2022-04-26T00:00:00,09:30,2022-04-26T00:00:00,21,851,6545,4683,13092\
2022-04-26T00:00:00,10:00,2022-04-26T00:00:00,22,873,6545,5194,13092\
2022-04-26T00:00:00,10:30,2022-04-26T00:00:00,23,899,6545,5643,13092\
2022-04-26T00:00:00,11:00,2022-04-26T00:00:00,24,925,6545,6001,13092\
2022-04-26T00:00:00,11:30,2022-04-26T00:00:00,25,955,6545,6233,13092\
2022-04-26T00:00:00,12:00,2022-04-26T00:00:00,26,985,6545,6317,13092\
2022-04-26T00:00:00,12:30,2022-04-26T00:00:00,27,986,6545,6237,13092\
2022-04-26T00:00:00,13:00,2022-04-26T00:00:00,28,986,6545,5965,13092\
2022-04-26T00:00:00,13:30,2022-04-26T00:00:00,29,988,6545,5511,13092\
2022-04-26T00:00:00,14:00,2022-04-26T00:00:00,30,990,6545,5040,13092\
2022-04-26T00:00:00,14:30,2022-04-26T00:00:00,31,993,6545,4693,13092\
2022-04-26T00:00:00,15:00,2022-04-26T00:00:00,32,996,6545,4350,13092\
2022-04-26T00:00:00,15:30,2022-04-26T00:00:00,33,989,6545,3865,13092\
2022-04-26T00:00:00,16:00,2022-04-26T00:00:00,34,981,6545,3259,13092\
2022-04-26T00:00:00,16:30,2022-04-26T00:00:00,35,975,6545,2597,13092\
2022-04-26T00:00:00,17:00,2022-04-26T00:00:00,36,969,6545,1968,13092\
2022-04-26T00:00:00,17:30,2022-04-26T00:00:00,37,965,6545,1443,13092\
2022-04-26T00:00:00,18:00,2022-04-26T00:00:00,38,960,6545,981,13092\
2022-04-26T00:00:00,18:30,2022-04-26T00:00:00,39,950,6545,543,13092\
2022-04-26T00:00:00,19:00,2022-04-26T00:00:00,40,940,6545,208,13092\
2022-04-26T00:00:00,19:30,2022-04-26T00:00:00,41,934,6545,48,13092\
2022-04-26T00:00:00,20:00,2022-04-26T00:00:00,42,927,6545,0,13092\
2022-04-26T00:00:00,20:30,2022-04-26T00:00:00,43,922,6545,0,13092\
2022-04-26T00:00:00,21:00,2022-04-26T00:00:00,44,916,6545,0,13092\
2022-04-26T00:00:00,21:30,2022-04-26T00:00:00,45,885,6545,0,13092\
2022-04-26T00:00:00,22:00,2022-04-26T00:00:00,46,853,6545,0,13092\
2022-04-26T00:00:00,22:30,2022-04-26T00:00:00,47,824,6545,0,13092\
2022-04-26T00:00:00,23:00,2022-04-26T00:00:00,48,794,6545,0,13092\
2022-04-26T00:00:00,23:30,2022-04-27T00:00:00,1,767,6545,0,13093\
2022-04-27T00:00:00,00:00,2022-04-27T00:00:00,2,739,6545,0,13093\
2022-04-27T00:00:00,00:30,2022-04-27T00:00:00,3,727,6545,0,13093\
2022-04-27T00:00:00,01:00,2022-04-27T00:00:00,4,715,6545,0,13093\
2022-04-27T00:00:00,01:30,2022-04-27T00:00:00,5,704,6545,0,13093\
2022-04-27T00:00:00,02:00,2022-04-27T00:00:00,6,692,6545,0,13093\
2022-04-27T00:00:00,02:30,2022-04-27T00:00:00,7,681,6545,0,13093\
2022-04-27T00:00:00,03:00,2022-04-27T00:00:00,8,670,6545,0,13093\
2022-04-27T00:00:00,03:30,2022-04-27T00:00:00,9,661,6545,0,13093\
2022-04-27T00:00:00,04:00,2022-04-27T00:00:00,10,652,6545,0,13093\
2022-04-27T00:00:00,04:30,2022-04-27T00:00:00,11,643,6545,0,13093\
2022-04-27T00:00:00,05:00,2022-04-27T00:00:00,12,634,6545,0,13093\
2022-04-27T00:00:00,05:30,2022-04-27T00:00:00,13,626,6545,121,13093\
2022-04-27T00:00:00,06:00,2022-04-27T00:00:00,14,618,6545,278,13093\
2022-04-27T00:00:00,06:30,2022-04-27T00:00:00,15,618,6545,454,13093\
2022-04-27T00:00:00,07:00,2022-04-27T00:00:00,16,618,6545,710,13093\
2022-04-27T00:00:00,07:30,2022-04-27T00:00:00,17,622,6545,1100,13093\
2022-04-27T00:00:00,08:00,2022-04-27T00:00:00,18,625,6545,1572,13093\
2022-04-27T00:00:00,08:30,2022-04-27T00:00:00,19,633,6545,2060,13093\
2022-04-27T00:00:00,09:00,2022-04-27T00:00:00,20,641,6545,2551,13093\
2022-04-27T00:00:00,09:30,2022-04-27T00:00:00,21,654,6545,3042,13093\
2022-04-27T00:00:00,10:00,2022-04-27T00:00:00,22,667,6545,3537,13093\
2022-04-27T00:00:00,10:30,2022-04-27T00:00:00,23,686,6545,4029,13093\
2022-04-27T00:00:00,11:00,2022-04-27T00:00:00,24,704,6545,4478,13093\
2022-04-27T00:00:00,11:30,2022-04-27T00:00:00,25,729,6545,4833,13093\
2022-04-27T00:00:00,12:00,2022-04-27T00:00:00,26,754,6545,5043,13093\
2022-04-27T00:00:00,12:30,2022-04-27T00:00:00,27,749,6545,5072,13093\
2022-04-27T00:00:00,13:00,2022-04-27T00:00:00,28,744,6545,4974,13093\
2022-04-27T00:00:00,13:30,2022-04-27T00:00:00,29,740,6545,4818,13093\
2022-04-27T00:00:00,14:00,2022-04-27T00:00:00,30,735,6545,4650,13093\
2022-04-27T00:00:00,14:30,2022-04-27T00:00:00,31,731,6545,4485,13093\
2022-04-27T00:00:00,15:00,2022-04-27T00:00:00,32,727,6545,4249,13093\
2022-04-27T00:00:00,15:30,2022-04-27T00:00:00,33,724,6545,3869,13093\
2022-04-27T00:00:00,16:00,2022-04-27T00:00:00,34,721,6545,3369,13093\
2022-04-27T00:00:00,16:30,2022-04-27T00:00:00,35,719,6545,2797,13093\
2022-04-27T00:00:00,17:00,2022-04-27T00:00:00,36,716,6545,2201,13093\
2022-04-27T00:00:00,17:30,2022-04-27T00:00:00,37,715,6545,1623,13093\
2022-04-27T00:00:00,18:00,2022-04-27T00:00:00,38,713,6545,1085,13093\
2022-04-27T00:00:00,18:30,2022-04-27T00:00:00,39,699,6545,609,13093\
2022-04-27T00:00:00,19:00,2022-04-27T00:00:00,40,685,6545,255,13093\
2022-04-27T00:00:00,19:30,2022-04-27T00:00:00,41,674,6545,69,13093\
2022-04-27T00:00:00,20:00,2022-04-27T00:00:00,42,662,6545,0,13093\
2022-04-27T00:00:00,20:30,2022-04-27T00:00:00,43,653,6545,0,13093\
2022-04-27T00:00:00,21:00,2022-04-27T00:00:00,44,644,6545,0,13093\
2022-04-27T00:00:00,21:30,2022-04-27T00:00:00,45,637,6545,0,13093\
2022-04-27T00:00:00,22:00,2022-04-27T00:00:00,46,630,6545,0,13093\
2022-04-27T00:00:00,22:30,2022-04-27T00:00:00,47,626,6545,0,13093\
2022-04-27T00:00:00,23:00,2022-04-27T00:00:00,48,621,6545,0,13093\
2022-04-27T00:00:00,23:30,2022-04-28T00:00:00,1,618,6545,0,13095\
2022-04-28T00:00:00,00:00,2022-04-28T00:00:00,2,615,6545,0,13095\
2022-04-28T00:00:00,00:30,2022-04-28T00:00:00,3,619,6545,0,13095\
2022-04-28T00:00:00,01:00,2022-04-28T00:00:00,4,623,6545,0,13095\
2022-04-28T00:00:00,01:30,2022-04-28T00:00:00,5,627,6545,0,13095\
2022-04-28T00:00:00,02:00,2022-04-28T00:00:00,6,631,6545,0,13095\
2022-04-28T00:00:00,02:30,2022-04-28T00:00:00,7,636,6545,0,13095\
2022-04-28T00:00:00,03:00,2022-04-28T00:00:00,8,640,6545,0,13095\
2022-04-28T00:00:00,03:30,2022-04-28T00:00:00,9,645,6545,0,13095\
2022-04-28T00:00:00,04:00,2022-04-28T00:00:00,10,649,6545,0,13095\
2022-04-28T00:00:00,04:30,2022-04-28T00:00:00,11,654,6545,0,13095\
2022-04-28T00:00:00,05:00,2022-04-28T00:00:00,12,659,6545,0,13095\
2022-04-28T00:00:00,05:30,2022-04-28T00:00:00,13,664,6545,66,13095\
2022-04-28T00:00:00,06:00,2022-04-28T00:00:00,14,669,6545,199,13095\
2022-04-28T00:00:00,06:30,2022-04-28T00:00:00,15,685,6545,415,13095\
2022-04-28T00:00:00,07:00,2022-04-28T00:00:00,16,700,6545,726,13095\
2022-04-28T00:00:00,07:30,2022-04-28T00:00:00,17,720,6545,1134,13095\
2022-04-28T00:00:00,08:00,2022-04-28T00:00:00,18,739,6545,1589,13095\
2022-04-28T00:00:00,08:30,2022-04-28T00:00:00,19,762,6545,2049,13095\
2022-04-28T00:00:00,09:00,2022-04-28T00:00:00,20,784,6545,2533,13095\
2022-04-28T00:00:00,09:30,2022-04-28T00:00:00,21,811,6545,3057,13095\
2022-04-28T00:00:00,10:00,2022-04-28T00:00:00,22,838,6545,3575,13095\
2022-04-28T00:00:00,10:30,2022-04-28T00:00:00,23,870,6545,4035,13095\
2022-04-28T00:00:00,11:00,2022-04-28T00:00:00,24,901,6545,4437,13095\
2022-04-28T00:00:00,11:30,2022-04-28T00:00:00,25,937,6545,4779,13095\
2022-04-28T00:00:00,12:00,2022-04-28T00:00:00,26,973,6545,5004,13095\
2022-04-28T00:00:00,12:30,2022-04-28T00:00:00,27,971,6545,5058,13095\
2022-04-28T00:00:00,13:00,2022-04-28T00:00:00,28,968,6545,4961,13095\
2022-04-28T00:00:00,13:30,2022-04-28T00:00:00,29,967,6545,4758,13095\
2022-04-28T00:00:00,14:00,2022-04-28T00:00:00,30,965,6545,4534,13095\
2022-04-28T00:00:00,14:30,2022-04-28T00:00:00,31,965,6545,4346,13095\
2022-04-28T00:00:00,15:00,2022-04-28T00:00:00,32,964,6545,4111,13095\
2022-04-28T00:00:00,15:30,2022-04-28T00:00:00,33,964,6545,3741,13095\
2022-04-28T00:00:00,16:00,2022-04-28T00:00:00,34,963,6545,3257,13095\
2022-04-28T00:00:00,16:30,2022-04-28T00:00:00,35,964,6545,2707,13095\
2022-04-28T00:00:00,17:00,2022-04-28T00:00:00,36,964,6545,2142,13095\
2022-04-28T00:00:00,17:30,2022-04-28T00:00:00,37,966,6545,1600,13095\
2022-04-28T00:00:00,18:00,2022-04-28T00:00:00,38,967,6545,1090,13095\
2022-04-28T00:00:00,18:30,2022-04-28T00:00:00,39,945,6545,626,13095\
2022-04-28T00:00:00,19:00,2022-04-28T00:00:00,40,923,6545,271,13095\
2022-04-28T00:00:00,19:30,2022-04-28T00:00:00,41,905,6545,77,13095\
2022-04-28T00:00:00,20:00,2022-04-28T00:00:00,42,886,6545,0,13095\
2022-04-28T00:00:00,20:30,2022-04-28T00:00:00,43,870,6545,0,13095\
2022-04-28T00:00:00,21:00,2022-04-28T00:00:00,44,854,6545,0,13095\
2022-04-28T00:00:00,21:30,2022-04-28T00:00:00,45,841,6545,0,13095\
2022-04-28T00:00:00,22:00,2022-04-28T00:00:00,46,827,6545,0,13095\
2022-04-28T00:00:00,22:30,2022-04-28T00:00:00,47,816,6545,0,13095\
2022-04-28T00:00:00,23:00,2022-04-28T00:00:00,48,805,6545,0,13095\
2022-04-28T00:00:00,23:30,2022-04-29T00:00:00,1,796,6545,0,13096\
2022-04-29T00:00:00,00:00,2022-04-29T00:00:00,2,787,6545,0,13096\
2022-04-29T00:00:00,00:30,2022-04-29T00:00:00,3,790,6545,0,13096\
2022-04-29T00:00:00,01:00,2022-04-29T00:00:00,4,792,6545,0,13096\
2022-04-29T00:00:00,01:30,2022-04-29T00:00:00,5,795,6545,0,13096\
2022-04-29T00:00:00,02:00,2022-04-29T00:00:00,6,797,6545,0,13096\
2022-04-29T00:00:00,02:30,2022-04-29T00:00:00,7,800,6545,0,13096\
2022-04-29T00:00:00,03:00,2022-04-29T00:00:00,8,802,6545,0,13096\
2022-04-29T00:00:00,03:30,2022-04-29T00:00:00,9,805,6545,0,13096\
2022-04-29T00:00:00,04:00,2022-04-29T00:00:00,10,807,6545,0,13096\
2022-04-29T00:00:00,04:30,2022-04-29T00:00:00,11,810,6545,0,13096\
2022-04-29T00:00:00,05:00,2022-04-29T00:00:00,12,813,6545,0,13096\
2022-04-29T00:00:00,05:30,2022-04-29T00:00:00,13,816,6545,80,13096\
2022-04-29T00:00:00,06:00,2022-04-29T00:00:00,14,819,6545,233,13096\
2022-04-29T00:00:00,06:30,2022-04-29T00:00:00,15,836,6545,467,13096\
2022-04-29T00:00:00,07:00,2022-04-29T00:00:00,16,852,6545,785,13096\
2022-04-29T00:00:00,07:30,2022-04-29T00:00:00,17,873,6545,1183,13096\
2022-04-29T00:00:00,08:00,2022-04-29T00:00:00,18,893,6545,1646,13096\
2022-04-29T00:00:00,08:30,2022-04-29T00:00:00,19,917,6545,2154,13096\
2022-04-29T00:00:00,09:00,2022-04-29T00:00:00,20,941,6545,2690,13096\
2022-04-29T00:00:00,09:30,2022-04-29T00:00:00,21,970,6545,3235,13096\
2022-04-29T00:00:00,10:00,2022-04-29T00:00:00,22,998,6545,3774,13096\
2022-04-29T00:00:00,10:30,2022-04-29T00:00:00,23,1032,6545,4292,13096\
2022-04-29T00:00:00,11:00,2022-04-29T00:00:00,24,1065,6545,4783,13096\
2022-04-29T00:00:00,11:30,2022-04-29T00:00:00,25,1103,6545,5232,13096\
2022-04-29T00:00:00,12:00,2022-04-29T00:00:00,26,1141,6545,5561,13096\
2022-04-29T00:00:00,12:30,2022-04-29T00:00:00,27,1126,6545,5695,13096\
2022-04-29T00:00:00,13:00,2022-04-29T00:00:00,28,1111,6545,5624,13096\
2022-04-29T00:00:00,13:30,2022-04-29T00:00:00,29,1098,6545,5378,13096\
2022-04-29T00:00:00,14:00,2022-04-29T00:00:00,30,1084,6545,5091,13096\
2022-04-29T00:00:00,14:30,2022-04-29T00:00:00,31,1072,6545,4873,13096\
2022-04-29T00:00:00,15:00,2022-04-29T00:00:00,32,1059,6545,4618,13096\
2022-04-29T00:00:00,15:30,2022-04-29T00:00:00,33,1047,6545,4204,13096\
2022-04-29T00:00:00,16:00,2022-04-29T00:00:00,34,1035,6545,3647,13096\
2022-04-29T00:00:00,16:30,2022-04-29T00:00:00,35,1025,6545,3002,13096\
2022-04-29T00:00:00,17:00,2022-04-29T00:00:00,36,1014,6545,2351,13096\
2022-04-29T00:00:00,17:30,2022-04-29T00:00:00,37,1004,6545,1763,13096\
2022-04-29T00:00:00,18:00,2022-04-29T00:00:00,38,994,6545,1227,13096\
2022-04-29T00:00:00,18:30,2022-04-29T00:00:00,39,970,6545,730,13096\
2022-04-29T00:00:00,19:00,2022-04-29T00:00:00,40,945,6545,336,13096\
2022-04-29T00:00:00,19:30,2022-04-29T00:00:00,41,924,6545,103,13096\
2022-04-29T00:00:00,20:00,2022-04-29T00:00:00,42,902,6545,0,13096\
2022-04-29T00:00:00,20:30,2022-04-29T00:00:00,43,884,6545,0,13096\
2022-04-29T00:00:00,21:00,2022-04-29T00:00:00,44,866,6545,0,13096\
2022-04-29T00:00:00,21:30,2022-04-29T00:00:00,45,850,6545,0,13096\
2022-04-29T00:00:00,22:00,2022-04-29T00:00:00,46,834,6545,0,13096\
2022-04-29T00:00:00,22:30,2022-04-29T00:00:00,47,821,6545,0,13096\
2022-04-29T00:00:00,23:00,2022-04-29T00:00:00,48,808,6545,0,13096\
2022-04-29T00:00:00,23:30,2022-04-30T00:00:00,1,797,6545,0,13098\
2022-04-30T00:00:00,00:00,2022-04-30T00:00:00,2,786,6545,0,13098\
2022-04-30T00:00:00,00:30,2022-04-30T00:00:00,3,789,6545,0,13098\
2022-04-30T00:00:00,01:00,2022-04-30T00:00:00,4,792,6545,0,13098\
2022-04-30T00:00:00,01:30,2022-04-30T00:00:00,5,795,6545,0,13098\
2022-04-30T00:00:00,02:00,2022-04-30T00:00:00,6,798,6545,0,13098\
2022-04-30T00:00:00,02:30,2022-04-30T00:00:00,7,801,6545,0,13098\
2022-04-30T00:00:00,03:00,2022-04-30T00:00:00,8,804,6545,0,13098\
2022-04-30T00:00:00,03:30,2022-04-30T00:00:00,9,807,6545,0,13098\
2022-04-30T00:00:00,04:00,2022-04-30T00:00:00,10,810,6545,0,13098\
2022-04-30T00:00:00,04:30,2022-04-30T00:00:00,11,814,6545,0,13098\
2022-04-30T00:00:00,05:00,2022-04-30T00:00:00,12,817,6545,0,13098\
2022-04-30T00:00:00,05:30,2022-04-30T00:00:00,13,821,6545,107,13098\
2022-04-30T00:00:00,06:00,2022-04-30T00:00:00,14,824,6545,291,13098\
2022-04-30T00:00:00,06:30,2022-04-30T00:00:00,15,844,6545,550,13098\
2022-04-30T00:00:00,07:00,2022-04-30T00:00:00,16,864,6545,884,13098\
2022-04-30T00:00:00,07:30,2022-04-30T00:00:00,17,888,6545,1299,13098\
2022-04-30T00:00:00,08:00,2022-04-30T00:00:00,18,911,6545,1784,13098\
2022-04-30T00:00:00,08:30,2022-04-30T00:00:00,19,939,6545,2323,13098\
2022-04-30T00:00:00,09:00,2022-04-30T00:00:00,20,966,6545,2884,13098\
2022-04-30T00:00:00,09:30,2022-04-30T00:00:00,21,998,6545,3435,13098\
2022-04-30T00:00:00,10:00,2022-04-30T00:00:00,22,1030,6545,4015,13098\
2022-04-30T00:00:00,10:30,2022-04-30T00:00:00,23,1067,6545,4651,13098\
2022-04-30T00:00:00,11:00,2022-04-30T00:00:00,24,1104,6545,5242,13098\
2022-04-30T00:00:00,11:30,2022-04-30T00:00:00,25,1146,6545,5679,13098\
2022-04-30T00:00:00,12:00,2022-04-30T00:00:00,26,1188,6545,5949,13098\
2022-04-30T00:00:00,12:30,2022-04-30T00:00:00,27,1176,6545,6058,13098\
2022-04-30T00:00:00,13:00,2022-04-30T00:00:00,28,1164,6545,5982,13098\
2022-04-30T00:00:00,13:30,2022-04-30T00:00:00,29,1153,6545,5717,13098\
2022-04-30T00:00:00,14:00,2022-04-30T00:00:00,30,1141,6545,5381,13098\
2022-04-30T00:00:00,14:30,2022-04-30T00:00:00,31,1131,6545,5078,13098\
2022-04-30T00:00:00,15:00,2022-04-30T00:00:00,32,1120,6545,4736,13098\
2022-04-30T00:00:00,15:30,2022-04-30T00:00:00,33,1110,6545,4270,13098\
2022-04-30T00:00:00,16:00,2022-04-30T00:00:00,34,1099,6545,3716,13098\
2022-04-30T00:00:00,16:30,2022-04-30T00:00:00,35,1090,6545,3127,13098\
2022-04-30T00:00:00,17:00,2022-04-30T00:00:00,36,1081,6545,2516,13098\
2022-04-30T00:00:00,17:30,2022-04-30T00:00:00,37,1072,6545,1891,13098\
2022-04-30T00:00:00,18:00,2022-04-30T00:00:00,38,1063,6545,1290,13098\
2022-04-30T00:00:00,18:30,2022-04-30T00:00:00,39,1039,6545,758,13098\
2022-04-30T00:00:00,19:00,2022-04-30T00:00:00,40,1014,6545,351,13098\
2022-04-30T00:00:00,19:30,2022-04-30T00:00:00,41,992,6545,110,13098\
2022-04-30T00:00:00,20:00,2022-04-30T00:00:00,42,970,6545,83,13098\
2022-04-30T00:00:00,20:30,2022-04-30T00:00:00,43,951,6545,4,13098\
2022-04-30T00:00:00,21:00,2022-04-30T00:00:00,44,932,6545,0,13098\
2022-04-30T00:00:00,21:30,2022-04-30T00:00:00,45,915,6545,0,13098\
2022-04-30T00:00:00,22:00,2022-04-30T00:00:00,46,898,6545,0,13098\
2022-04-30T00:00:00,22:30,2022-04-30T00:00:00,47,884,6545,0,13098\
2022-04-30T00:00:00,23:00,2022-04-30T00:00:00,48,869,6545,0,13098\
2022-04-30T00:00:00,23:30,2022-05-01T00:00:00,1,857,6545,0,13100\
2022-05-01T00:00:00,00:00,2022-05-01T00:00:00,2,844,6545,0,13100\
2022-05-01T00:00:00,00:30,2022-05-01T00:00:00,3,848,6545,0,13100\
2022-05-01T00:00:00,01:00,2022-05-01T00:00:00,4,852,6545,0,13100\
2022-05-01T00:00:00,01:30,2022-05-01T00:00:00,5,856,6545,0,13100\
2022-05-01T00:00:00,02:00,2022-05-01T00:00:00,6,860,6545,0,13100\
2022-05-01T00:00:00,02:30,2022-05-01T00:00:00,7,864,6545,0,13100\
2022-05-01T00:00:00,03:00,2022-05-01T00:00:00,8,868,6545,0,13100\
2022-05-01T00:00:00,03:30,2022-05-01T00:00:00,9,872,6545,0,13100\
2022-05-01T00:00:00,04:00,2022-05-01T00:00:00,10,876,6545,0,13100\
2022-05-01T00:00:00,04:30,2022-05-01T00:00:00,11,880,6545,0,13100\
2022-05-01T00:00:00,05:00,2022-05-01T00:00:00,12,884,6545,0,13100\
2022-05-01T00:00:00,05:30,2022-05-01T00:00:00,13,889,6545,98,13100\
2022-05-01T00:00:00,06:00,2022-05-01T00:00:00,14,893,6545,318,13100\
2022-05-01T00:00:00,06:30,2022-05-01T00:00:00,15,913,6545,770,13100\
2022-05-01T00:00:00,07:00,2022-05-01T00:00:00,16,933,6545,1344,13100\
2022-05-01T00:00:00,07:30,2022-05-01T00:00:00,17,957,6545,1969,13100\
2022-05-01T00:00:00,08:00,2022-05-01T00:00:00,18,981,6545,2641,13100\
2022-05-01T00:00:00,08:30,2022-05-01T00:00:00,19,1009,6545,3352,13100\
2022-05-01T00:00:00,09:00,2022-05-01T00:00:00,20,1036,6545,4052,13100\
2022-05-01T00:00:00,09:30,2022-05-01T00:00:00,21,1068,6545,4716,13100\
2022-05-01T00:00:00,10:00,2022-05-01T00:00:00,22,1100,6545,5306,13100\
2022-05-01T00:00:00,10:30,2022-05-01T00:00:00,23,1137,6545,5765,13100\
2022-05-01T00:00:00,11:00,2022-05-01T00:00:00,24,1173,6545,6135,13100\
2022-05-01T00:00:00,11:30,2022-05-01T00:00:00,25,1215,6545,6469,13100\
2022-05-01T00:00:00,12:00,2022-05-01T00:00:00,26,1256,6545,6681,13100\
2022-05-01T00:00:00,12:30,2022-05-01T00:00:00,27,1238,6545,6677,13100\
2022-05-01T00:00:00,13:00,2022-05-01T00:00:00,28,1220,6545,6551,13100\
2022-05-01T00:00:00,13:30,2022-05-01T00:00:00,29,1204,6545,6386,13100\
2022-05-01T00:00:00,14:00,2022-05-01T00:00:00,30,1187,6545,6135,13100\
2022-05-01T00:00:00,14:30,2022-05-01T00:00:00,31,1171,6545,5738,13100\
2022-05-01T00:00:00,15:00,2022-05-01T00:00:00,32,1155,6545,5290,13100\
2022-05-01T00:00:00,15:30,2022-05-01T00:00:00,33,1141,6545,4901,13100\
2022-05-01T00:00:00,16:00,2022-05-01T00:00:00,34,1126,6545,4453,13100\
2022-05-01T00:00:00,16:30,2022-05-01T00:00:00,35,1112,6545,3820,13100\
2022-05-01T00:00:00,17:00,2022-05-01T00:00:00,36,1098,6545,3136,13100\
2022-05-01T00:00:00,17:30,2022-05-01T00:00:00,37,1085,6545,2519,13100\
2022-05-01T00:00:00,18:00,2022-05-01T00:00:00,38,1072,6545,1918,13100\
2022-05-01T00:00:00,18:30,2022-05-01T00:00:00,39,1046,6545,1313,13100\
2022-05-01T00:00:00,19:00,2022-05-01T00:00:00,40,1020,6545,770,13100\
2022-05-01T00:00:00,19:30,2022-05-01T00:00:00,41,997,6545,358,13100\
2022-05-01T00:00:00,20:00,2022-05-01T00:00:00,42,974,6545,83,13100\
2022-05-01T00:00:00,20:30,2022-05-01T00:00:00,43,954,6545,4,13100\
2022-05-01T00:00:00,21:00,2022-05-01T00:00:00,44,933,6545,0,13100\
2022-05-01T00:00:00,21:30,2022-05-01T00:00:00,45,915,6545,0,13100\
2022-05-01T00:00:00,22:00,2022-05-01T00:00:00,46,897,6545,0,13100\
2022-05-01T00:00:00,22:30,2022-05-01T00:00:00,47,882,6545,0,13100\
2022-05-01T00:00:00,23:00,2022-05-01T00:00:00,48,866,6545,0,13100\
2022-05-01T00:00:00,23:30,2022-05-02T00:00:00,1,853,6545,0,13101\
2022-05-02T00:00:00,00:00,2022-05-02T00:00:00,2,839,6545,0,13101\
2022-05-02T00:00:00,00:30,2022-05-02T00:00:00,3,1114,6545,0,13101\
2022-05-02T00:00:00,01:00,2022-05-02T00:00:00,4,1389,6545,0,13101\
2022-05-02T00:00:00,01:30,2022-05-02T00:00:00,5,1377,6545,0,13101\
2022-05-02T00:00:00,02:00,2022-05-02T00:00:00,6,1364,6545,0,13101\
2022-05-02T00:00:00,02:30,2022-05-02T00:00:00,7,1352,6545,0,13101\
2022-05-02T00:00:00,03:00,2022-05-02T00:00:00,8,1339,6545,0,13101\
2022-05-02T00:00:00,03:30,2022-05-02T00:00:00,9,1335,6545,0,13101\
2022-05-02T00:00:00,04:00,2022-05-02T00:00:00,10,1331,6545,0,13101\
2022-05-02T00:00:00,04:30,2022-05-02T00:00:00,11,1334,6545,0,13101\
2022-05-02T00:00:00,05:00,2022-05-02T00:00:00,12,1336,6545,16,13101\
2022-05-02T00:00:00,05:30,2022-05-02T00:00:00,13,1346,6545,177,13101\
2022-05-02T00:00:00,06:00,2022-05-02T00:00:00,14,1356,6545,487,13101\
2022-05-02T00:00:00,06:30,2022-05-02T00:00:00,15,1360,6545,1042,13101\
2022-05-02T00:00:00,07:00,2022-05-02T00:00:00,16,1363,6545,1725,13101\
2022-05-02T00:00:00,07:30,2022-05-02T00:00:00,17,1366,6545,2480,13101\
2022-05-02T00:00:00,08:00,2022-05-02T00:00:00,18,1368,6545,3254,13101\
2022-05-02T00:00:00,08:30,2022-05-02T00:00:00,19,1373,6545,3970,13101\
2022-05-02T00:00:00,09:00,2022-05-02T00:00:00,20,1378,6545,4661,13101\
2022-05-02T00:00:00,09:30,2022-05-02T00:00:00,21,1389,6545,5361,13101\
2022-05-02T00:00:00,10:00,2022-05-02T00:00:00,22,1399,6545,5990,13101\
2022-05-02T00:00:00,10:30,2022-05-02T00:00:00,23,1416,6545,6446,13101\
2022-05-02T00:00:00,11:00,2022-05-02T00:00:00,24,1432,6545,6819,13101\
2022-05-02T00:00:00,11:30,2022-05-02T00:00:00,25,1454,6545,7200,13101\
2022-05-02T00:00:00,12:00,2022-05-02T00:00:00,26,1475,6545,7472,13101\
2022-05-02T00:00:00,12:30,2022-05-02T00:00:00,27,1491,6545,7499,13101\
2022-05-02T00:00:00,13:00,2022-05-02T00:00:00,28,1507,6545,7405,13101\
2022-05-02T00:00:00,13:30,2022-05-02T00:00:00,29,1524,6545,7283,13101\
2022-05-02T00:00:00,14:00,2022-05-02T00:00:00,30,1540,6545,7078,13101\
2022-05-02T00:00:00,14:30,2022-05-02T00:00:00,31,1559,6545,6780,13101\
2022-05-02T00:00:00,15:00,2022-05-02T00:00:00,32,1577,6545,6371,13101\
2022-05-02T00:00:00,15:30,2022-05-02T00:00:00,33,1583,6545,5793,13101\
2022-05-02T00:00:00,16:00,2022-05-02T00:00:00,34,1589,6545,5133,13101\
2022-05-02T00:00:00,16:30,2022-05-02T00:00:00,35,1584,6545,4453,13101\
2022-05-02T00:00:00,17:00,2022-05-02T00:00:00,36,1578,6545,3746,13101\
2022-05-02T00:00:00,17:30,2022-05-02T00:00:00,37,1557,6545,3018,13101\
2022-05-02T00:00:00,18:00,2022-05-02T00:00:00,38,1535,6545,2303,13101\
2022-05-02T00:00:00,18:30,2022-05-02T00:00:00,39,1512,6545,1611,13101\
2022-05-02T00:00:00,19:00,2022-05-02T00:00:00,40,1489,6545,998,13101\
2022-05-02T00:00:00,19:30,2022-05-02T00:00:00,41,1470,6545,503,13101\
2022-05-02T00:00:00,20:00,2022-05-02T00:00:00,42,1451,6545,153,13101\
2022-05-02T00:00:00,20:30,2022-05-02T00:00:00,43,1450,6545,28,13101\
2022-05-02T00:00:00,21:00,2022-05-02T00:00:00,44,1448,6545,0,13101\
2022-05-02T00:00:00,21:30,2022-05-02T00:00:00,45,1443,6545,0,13101\
2022-05-02T00:00:00,22:00,2022-05-02T00:00:00,46,1437,6545,0,13101\
2022-05-02T00:00:00,22:30,2022-05-02T00:00:00,47,1431,6545,0,13101\
2022-05-02T00:00:00,23:00,2022-05-02T00:00:00,48,1424,6545,0,13101}